-- phpMyAdmin SQL Dump
-- version 3.4.5
-- http://www.phpmyadmin.net
--
-- Host: localhost
-- Waktu pembuatan: 04. Mei 2014 jam 15:49
-- Versi Server: 5.5.16
-- Versi PHP: 5.3.8

SET SQL_MODE="NO_AUTO_VALUE_ON_ZERO";
SET time_zone = "+00:00";


/*!40101 SET @OLD_CHARACTER_SET_CLIENT=@@CHARACTER_SET_CLIENT */;
/*!40101 SET @OLD_CHARACTER_SET_RESULTS=@@CHARACTER_SET_RESULTS */;
/*!40101 SET @OLD_COLLATION_CONNECTION=@@COLLATION_CONNECTION */;
/*!40101 SET NAMES utf8 */;

--
-- Database: `forum`
--

-- --------------------------------------------------------

--
-- Struktur dari tabel `balas`
--

CREATE TABLE IF NOT EXISTS `balas` (
  `id_balas` int(255) NOT NULL AUTO_INCREMENT,
  `id` int(255) NOT NULL,
  `komentar` text NOT NULL,
  `idu` int(255) NOT NULL,
  `date2` text NOT NULL,
  `id_kategori` int(10) NOT NULL,
  PRIMARY KEY (`id_balas`)
) ENGINE=MyISAM  DEFAULT CHARSET=latin1 AUTO_INCREMENT=61 ;

--
-- Dumping data untuk tabel `balas`
--

INSERT INTO `balas` (`id_balas`, `id`, `komentar`, `idu`, `date2`, `id_kategori`) VALUES
(25, 26, 'wah, dicoba dulua om!!', 0, '02/04/2012', 0),
(26, 21, 'thanks gan buat infonya!!', 0, '02/04/2012', 0),
(20, 20, 'wah keren banget om makasih infonya..', 0, '25/03/2012', 0),
(30, 35, 'Ga..nyantai aja gan!!', 0, '29/05/2012', 0),
(31, 28, 'manstab gan!!!', 0, '31/05/2012', 0),
(48, 36, '<p>Masa</p>', 0, '07/04/2014', 7),
(50, 36, '<p>eaa</p>', 0, '09/04/2014', 7),
(51, 36, '<p>wew ah&nbsp;<img title="Kiss" src="js/tiny_mce/plugins/emotions/img/smiley-kiss.gif" alt="Kiss" border="0" /></p>', 0, '09/04/2014', 7),
(52, 61, '<p>sadasdasdauiiolskuo</p>', 0, '10/04/2014', 7),
(53, 61, '<p>wew ah</p>', 0, '11/04/2014', 7),
(54, 53, '<p><span class="bold">pusing banget jib<img title="Yell" src="js/tiny_mce/plugins/emotions/img/smiley-yell.gif" alt="Yell" border="0" />&nbsp;<del>aduh</del></span></p>', 0, '12/04/2014', 8),
(55, 63, '<p>Mantaaaap Lanjutkan&nbsp;<img title="Laughing" src="js/tiny_mce/plugins/emotions/img/smiley-laughing.gif" alt="Laughing" border="0" /></p>', 2, '15/04/2014', 7),
(56, 64, '<p>Like Dah mantap pokoknya harus dilanjutkan min :D jadi kan nantinya kejaga ya wkwkwwk aduh maaf nih komentarnya panjang banget wkwkwk&nbsp;<img title="Laughing" src="js/tiny_mce/plugins/emotions/img/smiley-laughing.gif" alt="Laughing" border="0" /></p>', 2, '22/04/2014', 7),
(57, 64, '<p>wew ah ahahhaay</p>', 4, '22/04/2014', 7),
(58, 64, '<p>hehe&nbsp;<img title="Tongue Out" src="js/tiny_mce/plugins/emotions/img/smiley-tongue-out.gif" alt="Tongue Out" border="0" /></p>', 2, '04/05/2014', 7),
(60, 78, '<p>OOwh gitu ya&nbsp;<img title="Sealed" src="js/tiny_mce/plugins/emotions/img/smiley-sealed.gif" alt="Sealed" border="0" /><br /><br /><br /><br /><del>GANI</del></p>', 2, '04/05/2014', 7);

-- --------------------------------------------------------

--
-- Struktur dari tabel `kategori`
--

CREATE TABLE IF NOT EXISTS `kategori` (
  `id_kategori` int(11) NOT NULL AUTO_INCREMENT,
  `nama_kategori` varchar(100) NOT NULL,
  `detail` longtext NOT NULL,
  `datetime` varchar(25) NOT NULL,
  `lihat` int(4) NOT NULL,
  `type` varchar(20) NOT NULL,
  PRIMARY KEY (`id_kategori`)
) ENGINE=MyISAM  DEFAULT CHARSET=latin1 AUTO_INCREMENT=89 ;

--
-- Dumping data untuk tabel `kategori`
--

INSERT INTO `kategori` (`id_kategori`, `nama_kategori`, `detail`, `datetime`, `lihat`, `type`) VALUES
(1, 'Pembakaran Batubara', 'Diskusi tentang Pembakaran Batubara', '16/02/2014', 76, 'LITBANG_BATUBARA'),
(2, 'Konversi Batubara', 'Diskusi tentang Konversi Batubara', '26/02/2014', 88, 'LITBANG_BATUBARA'),
(3, 'Mineral', 'Diskusi mengenai Penambangan Mineral', '27/02/2014', 29, 'PENAMBANGAN'),
(4, 'Batubara', 'Diskusi Mengenai Penambangan Batubara', '27/02/2014', 18, 'PENAMBANGAN'),
(7, 'Mineral Logam', 'Diskusi mengenai Mineral & Logam', '28/02/2014', 976, 'LITBANG_MINERAL'),
(8, 'Mineral Industri', 'Diskusi Mengenai Mineral & Industri.', '28/02/2014', 44, 'LITBANG_MINERAL'),
(9, 'Teknologi Pemanfaatan Limbah', 'Diskusi tentang Teknologi Pemanfaatan Limbah.', '29/02/2014', 44, 'LITBANG_MINERAL'),
(85, 'Kategori Mineral Lainnya', 'Diskusi Mengenai Kategori Mineral Lainnya .', '04/05/2014', 0, 'LITBANG_MINERAL'),
(11, 'Pengolahan Batubara', 'diskusi mengenai Pengolahan Batubara.', '29/02/2014', 19, 'LITBANG_BATUBARA'),
(13, 'Kategori Batubara Lainnya', 'Kategori Litbang Batubara Lainnya', '17/03/2014', 22, 'LITBANG_BATUBARA'),
(29, 'KOMPUTERISASI', 'Diskusi mengenai Komputerisasi', '15/04/2014', 3, 'UMUM'),
(86, 'Pengelolaan Sumber Daya Mineral dan Batubara', 'Pengelolaan Sumber Daya Mineral dan Batubara', '04/05/2014', 52, 'KEBIJAKAN');

-- --------------------------------------------------------

--
-- Struktur dari tabel `post`
--

CREATE TABLE IF NOT EXISTS `post` (
  `id` int(255) NOT NULL AUTO_INCREMENT,
  `id_kategori` int(10) NOT NULL,
  `idu` int(255) NOT NULL,
  `judul` text NOT NULL,
  `posting` text NOT NULL,
  `lihat2` int(8) NOT NULL,
  `date` text NOT NULL,
  PRIMARY KEY (`id`)
) ENGINE=MyISAM  DEFAULT CHARSET=latin1 AUTO_INCREMENT=101 ;

--
-- Dumping data untuk tabel `post`
--

INSERT INTO `post` (`id`, `id_kategori`, `idu`, `judul`, `posting`, `lihat2`, `date`) VALUES
(63, 7, 4, 'Perusahaan tambang tidak diizinkan lagi mengekspor barang mentah', '<p>Menteri ESDM: DPR Setuju Pengendalian Ekspor Hasil Tambang<br />Perusahaan tambang tidak diizinkan lagi mengekspor barang mentah<br />ddd<br />Kamis, 5 Desember 2013, 18:59<br /><br /><br /><br />VIVAnews - Menteri Eenergi dan Sumber Daya Mineral (ESDM) Jero Wacik, Kamis 5 Desember 2013, menyatakan parlemen menyetujui pengendalian ekspor mineral mentah, sebagaimana diatur dalam UU Nomor 4/2009 tentang Pertambangan Mineral dan Batubara, diberlakukan tanpa pengecualian pada tahun 2014.<br /><br />Tujuan dari pemberlakuan ini, menurut Wacik, memperkuat industri hulu hingga hilir serta memberi nilai tambah pada produk ekspor tambang.<br /><br />"Pelaksanaan itu secara konsekuen mulai 12 Januari 2014, tentu ini akan bagus bagi industri dalam negeri," ujar Wacik usai Rapat Dengar Pendapat dengan Komisi VII DPR RI di Kompleks Parlemen, Senayan, Jakarta.<br /><br />Dengan demikian, ia melanjutkan, perusahaan tambang tidak diizinkan mengekspor barang mentah. Perusahaan diwajibkan membangun pabrik pengolahan dan pemurnian (smelter) di dalam negeri untuk memproses produksinya sebelum diekspor.<br /><br />"Harus buat smelter. Tidak ada pengecualian," kata Wacik.<br /><br />Kementerian ESDM, ia menambahkan, akan memberikan insentif berupa kemudahan kredit bagi perusahaan tambang yang membangun smelter.<br /><br />"Kami akan meminta perbankan untuk memberikan kemudahan buat mereka yang membangun smelter," kata Wacik.<br /><br />Sebelumnya, Pemerintah akan mewajibkan pertambangan mengolah dan memurnikan mineral di dalam negeri. Kebijakan ini mulai berlaku pada Januari 2014.<br /><br />Mengutip situs Kementerian Energi dan Sumber Daya Mineral (ESDM), Selasa 5 November 2013, Wakil Menteri ESDM Susilo Siswoutomo menjelaskan dalam Undang-Undang Nomor 4 Tahun 2009 tentang Pertambangan Mineral dan Batu Bara, pertambangan diharuskan untuk memiliki tempat pemurnian dan pengolahan mineral (smelter).<br /><br />"Tidak ada toleransi bagi perusahaan yang tidak membangun smelter. Pemerintah akan bertindak tegas dengan tidak memberikan izin ekspor bagi perusahaan yang tidak membangun smelter," ujar Susilo. (ren)</p>', 14, '15/04/2014'),
(64, 7, 2, 'Newmont Nusa Tenggara Siap Pasok Konsentrat ke PT Indosmelt', '<p>Newmont Nusa Tenggara Siap Pasok Konsentrat ke PT Indosmelt<br /><br /><a class="postlink" href="http://www.beritasatu.com/">http://www.beritasatu.com</a><br /><br />Jakarta &ndash; Perusahaan tambang emas dan tembaga PT Newmont Nusa Tenggara (PT NNT) menandatangani Perjanjian Jual Beli Bersyarat Konsentrat (Conditional Sales Purchase Agreement - CSPA) dengan PT Indosmelt (PTI) untuk memasok konsentrat tembaga agar dapat dileburkan dan dimurnikan di Indonesia.<br /><br />&ldquo;Setelah kami tandatangani CSPA dengan PT Nusantara Smelting (PTNS), hari ini kami menandatanganinya juga dengan PTI,&rdquo; ujar Martiono Hadianto, Presiden Direktur PTNNT. &ldquo;Kami yakin bahwa CSPA merupakan jalan keluar terbaik bagi semua pihak &ndash; perusahaan smelter, PTNNT, dan Pemerintah. Rencana PTNS dan PTI untuk membangun kapasitas peleburan dan pemurnian akan memperluas tujuan Pemerintah, dan kami ingin menunjukkan komitmen kami dalam mendukung kebijakan Pemerintah dengan menjadi pemasok konsentrat tembaga bagi smelter dalam negeri di masa mendatang.&rdquo;<br /><br />PTI sebelumnya telah mengumumkan rencananya untuk membangun smelter tembaga baru.<br /><br />"Dengan ditandatanganinya perjanjian CSPA ini, kami dapat melanjutkan rencana kami untuk membangun smelter baru di Indonesia," kata Natsir Mansyur, Direktur Utama PT Indosmelt. "Kami yakin setelah mendapat kesanggupan PT NNT sekarang, kami akan dapat menyelesaikan pembangunan smelter pada 2017-2018. Kerjasama dengan pemasok bahan baku seperti PT NNT merupakan langkah awal yang penting bagi kegiatan proyek&rdquo;.<br /><br />PT NNT memulai kegiatan operasinya tahun 2000, dengan memenuhi kewajibannya berdasarkan Kontrak Karya untuk memproduksi konsentrat tembaga di Indonesia dengan mengolah bijih mentah di lokasi tambangnya menjadi konsentrat tembaga.<br /><br />Terkait dengan pengolahan dan pemurnian dalam negeri, PTNNT telah memaksimalkan penjualan konsentratnya kepada PT Smelting, yang mengoperasikan satu-satunya smelter tembaga di Indonesia, di Gresik, Jawa Timur. PTNNT saat ini menjual sekitar 20% produksi konsentrat tahunannya kepada PT Smelting. Jumlah tersebut merupakan jumlah maksimum yang dapat ditampung PT Smelting sesuai dengan kapasitas saat ini.<br /><br />"Seperti yang diamanatkan dalam Kontrak Karya, kami mengolah batuan bijih dari tambang menjadi konsentrat tembaga di Batu Hijau, dan kami mengirim konsentrat kami ke PT Smelting sebanyak yang dapat mereka olah,&rdquo; kata Martiono. &ldquo;Walau pasokan konsentrat kami terbatas, kami akan menjual semua konsentrat kami dengan harga patokan kepada smelter-smelter di Indonesia, sebagai tambahan dari komitmen kami yang telah ada kepada PT Smelting&rdquo;.<br /><br />PT Indosmelt adalah perusahaan yang dibentuk khusus untuk Proyek Pembangunan Pabrik Peleburan dan Pemurnian Tembaga di Indonesia dengan total investasi diperkirakan sebesar USD 1,5 Milyar. Jangka waktu pembangunan proyek dimulai 2014 dan diperkirakan selesai pada tahun 2017 dan produksi awal diperkirakan dimulai pada tahun 2017 &ndash; 2018.<br /><br />Lokasi pembangunan pabrik ini telah ditentukan di Kecamatan Bontoala, Kabupaten Maros, Provinsi Sulawesi Selatan. Kapasitas pabrik Peleburan dan Pemurnian Tembaga ini direncanakan sebesar 120.000 ton per tahun Katoda tembaga, emas dengan kapasitas 20 ton/tahun, dengan produk samping (by product) yakni terak tembaga (slag) dengan kapasitas 300.000 ton/tahun untuk bahan baku pabrik semen, anode slag dengan kapasitas 200.000 ton/tahun untuk industri pemurnian emas, serta asam sulfat untuk bahan baku industri pupuk.<br /><br />Diharapkan dengan beroperasinya Pabrik Peleburan dan Pemurnian Tembaga ini maka pasokan tembaga untuk industri hilir logam tembaga dalam negeri dapat terpenuhi, sejalan dengan meningkatnya kebutuhan tembaga sebagai konsekwensi dari pertumbuhan ekonomi nasional</p>', 246, '22/04/2014'),
(74, 7, 4, 'Ekspor Tambang Mentah Dilarang 2014, Penerimaan Negara Turun', '<p>Ekspor Tambang Mentah Dilarang 2014, Penerimaan Negara Turun Rp 80 T/Tahun<br />Rista Rama Dhany - detikfinance<br />Selasa, 26/11/2013 09:35 WIB<br /><br />Nusa Dua -Mulai 12 Januari 2014, Indonesia akan menghentikan ekspor mineral atau tambang mentah sesuai amanat undang-undang No. 4 Tahun 2009 tentang Mineral dan Batubara. Bila itu dilakukan, maka penerimaan negara akan turun hingga US$ 7-8 miliar atau sekitar Rp 80 triliun per tahun.<br /><br />"Sangat merugikan jika pemerintah benar-benar memberlakukan pelarangan ekspor mineral mentah tahun depan, salah satunya turunnya penerimaan negara sebesar 45% atau mencapai US$ 7-8 miliar per tahun," ungkap Direktur Eksekutif Indonesia Mining Association (IMA/Asosiasi Pertambangan Indonesia) Syahril AB ditemui di sela pertemuan 13th ASEAN Senior Official Meeting on Minerals di Nusa Dua, Bali, Selasa (26/11/2013).<br /><br />Syahril menambahkan, tidak hanya penerimaan di sektor ekspor mineral saja yang akan turun drastis, namun pendapatan di sektor pajak pertambangan dan lainnya juga akan turun sebesar 45%.<br /><br />"Penerimaan di sektor pajak pertambangan, penerimaan untuk daerah dan lain-lainnya akan turun mencapai 45% atau sebesar US$ 32-36 juta per tahun," tegasnya.<br /><br />Syahril menegaskan, dengan sisa waktu yang sempit seperti ini, sulit untuk pemerintah tetap memberlakukan aturan pelarangan ekspor mineral tersebut.<br /><br />"Kami dan hampir sebagian besar rakyat Indonesia tidak yakin 2014 pemerintah memberlakukan pelarangan ekspor mineral karena dampaknya besar, baik bagi negara maupun bagi industri dan masyarakat Indonesia," cetusnya.<br /><br />Seperti diketahui berdasarkan ketentuan undang-undang Minerba, pada 12 Januari 2014 tidak boleh lagi ada mineral mentah yang diekspor, seluruh mineral mentah yang diproduksi dan hendak diekspor harus diolah terlebih dahulu atau dimurnikan di pabrik smelter di dalam negeri.<br /><br />Namun ketentuan ini sudah ditentang jauh hari oleh perusahaan mineral di Indonesia, salah satu alasannya karena membutuhkan biaya besar untuk membangun pabrik smelter, sehingga dianggap tidak ekonomis. Namun saat ini banyak perusahaan-perusahaan besar asing yang sudah siap berinvestasi smelter ini.<br />(rrd/dnl</p>', 3, '04/05/2014'),
(75, 7, 4, 'Lima Gubernur Sepakat Bentuk Badan Mineral Logam', '<p>Mon,02 December 2013 | 16:39&nbsp;<br />Lima Gubernur Sepakat Bentuk Badan Mineral Logam&nbsp;<br /><a class="postlink" href="http://www.fajar.co.id/">http://www.fajar.co.id</a><br />MAKASSAR -- Lima gubernur melakukan penandatanganan Memorandum of Understanding pembentukan Badan Kerjasama Peningkatan Nilai Tambah Mineral Logam, Di Baruga Sangiaseri, Makassar, Senin (2/12). Lima gubernur tersebut antara lain Gubernur Sulawesi Selatan, Sulawesi Tenggara, Sulawesi Tengah, Maluku Utara, dan Papua Barat.<br /><br />Kepala ESDM Gunawan Palaguna, mengatakan, pembentukan badan kerjasama tersebut diawali dari pembicaraan antara Gubernur Sulawesi Selatan Syahrul Yasin Limpo dan Gubernur Sulawesi Tenggara Nur Alam, beberapa waktu lalu. Selanjutnya, dilakukan pertemuan dengan semua pihak untuk pembentukan badan kerjasama tersebut.<br /><br />"Badan kerjasama ini dibentuk untuk meningkatkan kesejahteraan masyarakat di lima provinsi," kata Gunawan.<br /><br />Ia menambahkan, ruang lingkup kerjasama meliputi lima provinsi tersebut dan berlaku efektif pada 12 Januari 2014 nanti.<br /><br />Sementara, Gubernur Sulawesi Selatan Syahrul Yasin Limpo mengatakan, persoalan pengelolaan pertambangan yang menjadi otoritas pemerintah pusat, sudah lama dikeluhkan oleh pemerintah daerah. Salah satunya, bagi hasil yang dinilai masih jauh dari prinsip keadilan.<br /><br />"Ada hal-hal yang selama ini mengganjal kita, seharusnya tidak seperti sekarang agar menjadi koreksi," kata Syahrul.<br /><br />Menurut Syahrul, Indonesia memiliki segalanya sebagai negara tropis. Termasuk, komoditi tambang. Karena itu, Indonesia tidak pantas berada dalam kondisi seperti sekarang.<br /><br />"Indonesia bisa menjadi negara terkaya tiga besar dunia jika semua sumber daya bisa dimaksimalkan," terangnya. (*)</p>', 0, '04/05/2014'),
(76, 7, 4, 'Bangun Smelter, Newmont Olah Konsentrat ke NSC', '<p>Bangun Smelter, Newmont Olah Konsentrat ke NSC<br />Selasa, 03 Desember 2013 10:08<br /><br /><a class="postlink" href="http://www.ima-api.com/">http://www.ima-api.com/</a>&nbsp;<br />Oleh Retno Ayuningtyas<br />JAKARTA. PT Newmont Nusa Tenggara memastikan tidak akan membangun pabrik pengolahan ( smelter ) seperti yang diwajibkan pemerintah. Sebagai gantinya, perusahaan ini akan mengirim konsentrat lembaganya ke smelter milik Nusantara Smelting Corporation (NSC).&nbsp;<br />Kerja sama kedua perusahaan ini ditandai dengan ditandatanganinya peijanjian jual beli bersyarat (conditional sales purchase agreement/CSPA) antara Newmont dan Nusantara Smelting. Penandatanganan dilakukan oleh Presiden Direktur Newmont Martiono Radianto dan Presiden Direktur Nusantara Smelting Melvin Korompis.&nbsp;<br />Menurut Martiono, Newmont sebagai perusahaan tambang tidak ideal jika harus membangun smelter sendiri. Pasalnya, pembangunan smelter membutuhkan pasokan konsentrat tembaga dalam jumlah tetap. Sementara, besaran produksi konsentrat tembaga dari tambang milik Newmont tidak bisa dipastikan sama setiap tahunnya, tergantung kegiatan eksplorasi dan ekploitasi yang dilakukan.&nbsp;<br />&ldquo;Namun, kami ingin menunjukkan komitmen kami dalam mendukung kebijakan pemerintah dengan menjadi pemasok konsentrat tembaga bagi smelter yang akan dibangun di dalam negeri. Salah satunya smelter milik Nusantara Smelting,&rdquo; kata dia usai penandatanganan CSPA di Jakarta, Rabu (27/11).&nbsp;<br />Melvin menuturkan, pihaknya akan membangun smelter katoda tembaga berkapasitas 200 ribu ton per tahun. Smelter ini juga akan menghasilkan produk sampingan berupa anode slim 400 ton/tahun, asam sulfat 600 ribu ton/tahun, slag, dan gypsum. Untuk itu, Nusantara Smelting membutuhkan pasokan konsentrat setidaknya sebesar 800 ribu ton/tahun.&nbsp;<br />&ldquo;Namun, dia belum pasti seluruh pasokan konsentrat tembaga berasal dari Newmont. Kami belum tentukan berapa pasokan dari Newmont Tapi tidak harus dari Newmont seluruhnya,&rdquo; ujar dia.&nbsp;<br />Martiono menjelaskan, peijanjian dengan Newmont masih berupa perjanjian bersyarat sehingga besaran pasokan konsentrat tembaga belum bisa dipublikasikan. Nantinya, perjanjian ini akan didefintifkan setelah pihaknya menyelesaikan pendanaan proyek. Investasi smelter miliknya ini diperkirakan kurang lebih USS 1,2 miliar. Pendanaan proyek direncanakan berasal dari pinjaman bank Eropa (70%) dan ekuitas (30%).&nbsp;<br />Dari kebutuhan konsentrat tembaga sebesar 800 ribu ton/tahun, Nusantara Smelting masih belum mendapat komitmen pasokan sekitar 600 ribu ton/tahun. Melvin berharap, PT Freeport Indonesia juga bisa menjadi pemasok konsentrat tembaga . Meski mengaku sudah bicara dengan pihak Freeport hingga sekarang Melvin belum mencapai kesepakatan dengan perusahaan tambang asal Amerika Serikat itu.&nbsp;<br />&ldquo;Kami butuh pasokan Freeport agar smelter ini jadi. Namun, kami tidak menutup kemungkinan untuk mengimpor konsentrat tembaga yang dibutuhkan,&rdquo; kata Melvin. Pihaknya berharap sebesar 80-90% kebutuhan konsentrat tembaga bisa dipasok dari tambang dalam negeri. Sementara sisanya bisa diperoleh melalui impor salah satunya dari Chili.&nbsp;<br />Nusantara Smelting memperoleh izin investasi smelter sejak 2006. Izin tersebut kemudian diperpanjang beberapa kali karena sulitnya mendapat komitmen pasokan konsentrat tembaga. Dengan masa pengerjaan selama 3 tahun, smelter katoda tembaga ini ditargetkan bisa rampung pada akhir 2018 dan beroperasi penuh pada awal 2019. Smelter akan dibangun di lahan seluas 100 hektar berlokasi di Jawa Timur atau Kalimantan Timur. Sementara kebutuhan listrik hanya 50 megawatt (MW).&nbsp;<br />Selain dengan Nusantara Smelting, Newmont telah memasok konsentrat tembaga untuk PT Smelting Gresik. Newmont juga memiliki nota kesepahaman untuk memasok konsentrat ke smelter milik PT Indovasi Mineral Indonesia dan PT Indosmelt Meski produksi konsentrat tembaga terbatas, tutur Mardono, pihaknya akan berupaya memasok kebutuhan dalam negeri sesuai dengan harga patokan.&nbsp;<br />&ldquo;Nanti dengan Indovasi dan Indosmelt juga akan kami tindak lanjuti agar bisa seperti Nusantara Smelting,&rdquo; ujar dia.&nbsp;<br />Harus Diolah&nbsp;<br />Wakil Menteri Energi dan Sumber Daya Mineral Susilo Siswoutomo menyambut baik kesepakatan Newmont dan Nusantara Smelting tersebut Dengan menjadi pemasok, maka konsentrat tembaga dari Newmont bisa diolah di dalam negeri.&nbsp;<br />&ldquo;Namun, dia belum memastikan apakah Newmont masih boleh mengekspor konsentrat tembaga pada 2014. Kita lihat nanti ya,&rdquo; kata dia. Sebelumnya, pemerintah mensyaratkan adanya keseriusan pelaksanaan hilirisasi oleh perusahaan tambang jika perusahaan tersebut masih ingin diperbolehkan ekspor pada tahun depan.&nbsp;<br />Sementara itu, Menteri Perindustrian MS Hidayat menegaskan, seluruh hasil tambang mineral harus diolah di dalam negeri. Negara yang memiliki sumber daya mineral namun terus mengekspor bahan mentah tanpa dapat nilai tambah dinilainya kurang benar. Walaupun, diakuinya hal ini susah diwujudkan mengingat banyak pihak yang ingin dengan mudah mendapatkan hasil.&nbsp;<br />&ldquo;Tetapi kita harus lakukan (hilirisasi) apapun kesulitannya,&rdquo; kata dia. Apalagi, adanya hilirisasi ini juga membuka lapangan kerja baru selain memperoleh nilai tambahnya.&nbsp;<br />Untuk itu, dia berharap, Undang-Undang Mineral dan Batubara tetap dilaksanakan sebagaimana mestinya. Pengusaha tambang tidak lagi mengekspor seluruh produksinya dan sudah mulai pembangunan smelter di dalam negeri.&nbsp;<br />Untuk tembaga saja, dia menambahkan, Indonesia memproduksi konsentrat hingga 3 juta ton/tahun. Sementara yang sudah diolah di dalam negeri baru 1 juta ton/tahun. &ldquo;Artinya masih ada 2 juta ton lagi yang harus diolah di dalam negeri,&rdquo; jelas dia.</p>', 1, '04/05/2014'),
(77, 7, 4, 'Larangan Ekspor Mineral Perlu Dilakukan Selektif', '<p>Selasa, 26 November 2013 , 22:59:06 WIB&nbsp;<br />Larangan Ekspor Mineral Perlu Dilakukan Selektif&nbsp;<br />- See more at:&nbsp;<a class="postlink" href="http://www.jurnas.com/news/115511">http://www.jurnas.com/news/115511</a>&nbsp;<br /><br /><br />Jurnas.com | PIHAK Industri mineral yang diwakili oleh Asosiasi Pertambangan Indonesia (IMA) meminta pemerintah untuk berhati-hati dan selektif dalam menerbitkan aturan pelarangan ekspor mineral mentah mulai Januari 2014 karena akan berdampak pada kehilangan pendapatan negara hingga miliaran dolar AS.<br /><br />"Pada dasarnya akan sulit untuk menghentikan ekspor mulai 12 Januari 2014 sesuai yang telah disepakati pihak eksekutif karena belum ada pembangunan smelter yang selesai tahun depan," kata Direktur Eksekutif IMA, Syahrir Abubakar di sela-sela pertemuan pejabat senior mineral ASEAN (ASSOM) ke-13 di Nusa Dua, Bali, Selasa (26/11).<br /><br />Syahrir lantas mengingatkan bahwa dampak terbesar dari penghentian ekspor produk tambang mentah tersebut akan dirasakan oleh sejumlah daerah di tanah air.&nbsp;<br /><br />Dari data yang dimiliki IMA pemerintah akan kehilangan sekitar 45 persen pendapatan dalam bentuk pajak dan royalti yang selama ini disetor oleh dua perusahaan tambang besar yaitu Freeport dan Newmont. "Lebih 8,5 miliar dolar pendapatan pemerintah dari dua perusahaan Freeport dan Newmont akan hilang 45 persennya atau sekitar 3,2 miliar dolar penerimaan negara hilang saat kebijakan itu diterapkan," katanya.<br /><br />Selain itu ada dua kabupaten yaitu Sumbawa Barat dan Timika akan kolaps karena sekitar 92 persen pendapatan daerahnya yang selama ini disumbang oleh dua perusahaan tersebut akan hilang. "Belum lagi ekses masalah ketenagakerjaan yang bisa muncul di dua daerah ini akibat pelarangan ekspor tersebut," katanya.<br /><br />Sementara Ketua ASOMM 2013 yang juga Kepala Badan Geologi Kementerian Energi dan Sumber Daya Mineral, M Sukhyar usai sidang ASOMM di Nusa Dua, mengatakan bahwa larangan ekspor mineral mentah adalah kebijakan yang wajar dan sudah dijalankan banyak negara termasuk anggota ASEAN.<br /><br />"Ada sekitar 20 negara yang sudah memperbaiki kebijakan ekspor komoditas tambang mentahnya. Termasuk Laos dan Myanmar sudah menerapkan larangan ekspor raw material tambang," katanya.&nbsp;<br /><br />Menurut dia, setidaknya ada lima komoditas tambang yang perlu diselamatkan cadangannya karena sangat penting bagi kebijakan hilirisasi industri yaitu bijih nikel, tembaga, bauksit, emas dan besi.<br /><br />"Bijih nikel saja sebenarnya kebutuhan dalam negeri hanya sekitar 10 juta ton per tahun. Tetapi produksinya bisa mencapai 60 juta ton karena 50 juta tonnya diekspor dalam bentuk mentah," katanya.<br /><br />Hal ini dikhawatirkan bisa dengan cepat menggerus cadangan bijih nikel nasional. Sukhyar mengingatkan larangan ekspor tersebut justru untuk kepentingan penyehatan perekonomian nasional sejalan dengan berkembangnya hilirisasi industri di dalam negeri.<br /><br />Sesuai UU Mineral dan Batubara (Minerba) No 4/2009, pemerintah mulai Januari 2014 melarang ekspor mineral atau tambang dalam bentuk mentah (raw material). Seluruh mineral mentah tersebut harus diolah terlebih dahulu sebelum boleh diekspor.<br /><br />Pada ASOMM kali ini juga disepakati mengenai perlunya peningkatan kemampuan bidang mineral di negara ASEAN. Hal itu tidak terlepas dari rencana pemberlakuan Masyarakat Ekonomi ASEAN (AEC) pada 2015.<br /><br />Peningkatan keahlian antara lain mencakup bidang pertambangan, teknik eksplorasi, proses produksi serta perdagangan. "Jangan sampai nanti ada negara ASEAN yang ketinggalan dan didominasi negara lainnya. Jadi diharapkan ASEAN nanti mempunyai keahlian bidang mineral yang sama," ujar Sukhyar.<br /><br />Penyelenggaraan ASOMM ke-13 tersebut merupakan rangkaian pertemuan para Menteri Mineral ASEAN (AMMIN) ke-4 pada 28-29 November mendatang.<br /><br />Pada hari kedua esok Rabu (27/11) akan berlangsung ASOMM Plus 3 yaitu pertemuan pejabat senior bidang mineral ASEAN ditambah tiga negara Asia yakni China, Jepang dan Korea Selatan.</p>', 0, '04/05/2014'),
(78, 7, 4, 'Meratus percepat ujicoba olah mineral', '<p>PENGOLAHAN MINERAL<br />Meratus percepat ujicoba olah mineral<br />Oleh Muhammad Yazid - Rabu, 27 November 2013 | 10:59 WIB&nbsp;<br />JAKARTA. PT Meratus Jaya Iron Steel (MJIS) terus menggenjot penyelesaian uji coba pengoperasian atawa comissioning pabrik pengolahan dan pemurnian mineral (smelter) dengan produk akhir berupa sponge iron. Untuk pendanaan, PT Aneka Tambang Tbk baru saja menggelontorkan pinjaman ke MJIS sebanyak Rp 30,4 miliar.<br />Tri Hartono, Sekretaris Perusahaan Aneka Tambang mengatakan, Meratus Jaya belum dapat beroperasi secara maksimal lantaran terhambat kendala teknis. "Selama ini, biaya produksi masih lebih tinggi dibandingkan pemasukan, sehingga MJIS butuh tambahan dana operasional untuk modal kerja," kata kepada KONTAN, Senin (25/11).<br />Sekadar mengingatkan, MJIS telah merampungkan pembangunan smelter sejak akhir 2012 lalu. Komposisi kepemilikan Meratus Jaya, yaitu Krakatau Steel dengan kepemilikan 66% saham dan sisa dimiliki Aneka Tambang.<br />Smelter MJIS memiliki kapasitas produksi sebesar 315.000 ton sponge iron per tahun. Saat ini, pasokan bahan baku untuk smelter diperoleh dari PT Sebuku Iron Lateristic Ores dan PT Aal Rizky Tadang dengan jumlah bijih besi sebanyak 500.000 ton per tahun.<br />Tri mengatakan, sekarang ini, MJIS tengah berupaya mengoptimalkan kinerja mesin sehingga hasil produk berupa sponge iron sesuai dengan kemauan pasar. "Salah satu masalah di antaranya kecocokan spesifikasi bahan baku dengan mesin belum sepenuhnya berhasil, karena jumlah kandungan lumpur di bijih besi," kata dia.<br />Alhasil, Meratus Jaya membutuhkan suntikan dana yang tidak sedikit untuk mengatasi persoalan ini. "Supaya hasil produknya bisa diserap Krakatau Steel untuk kebutuhan pabrik baja," ujar dia.<br />Menurut Tri, ke depan, pihaknya juga akan mengincar areal tambang baru yang dikhususkan sebagai pemasok kebutuhan bahan baku bagi smelter MJIS. Saat ini, pihaknya masih menguji beberapa areal tambang bijih besi yang spesifikasinya sesuai dengan mesin MJIS.<br />Sayang, Tri belum mau merinci areal tambang yang tengah diincar. "Aneka Tambang akan memasok bahan baku untuk MJIS. Mungkin akuisisi tambang akan kami dilakukan lewat anak usaha," ujar dia.<br />Selain mengoperasikan smelter, Meratus Jaya juga mengoperasikan pembangkit listrik berkapasitas 2X14 megawatt (MW) di Batu Licin, Kabupaten Tanah Bumbu, Kalimantan Selatan. Bahan baku pembangkit itu berasal panas gas yang dihasilkan smelter sponge iron.</p>', 7, '04/05/2014'),
(79, 86, 2, 'Hilirisasi: Harga Nikel Cenderung Menggila Setelah Pelarangan Ekspor', '<p><span>TAMBANG, 21 Maret 2014 | 09.01</span><br /><span>Hilirisasi: Harga Nikel Cenderung Menggila Setelah Pelarangan Ekspor&nbsp;</span><br /><br /><span>TAHUN lalu, harga nikel hancur-hancuran. Tahun ini, harganya melejit terus. Bahkan, nikel menjadi primadona di tengah harga berbagai mineral lain yang harganya masih rendah. Cina dan Indonesia menjadi aktor utama yang mewarnai harga nikel.</span><br /><br /><span>Semula, pertumbuhan ekonomi di Cina yang diperkirakan lebih jelek dari tahun lalu membuat mineral utama, yakni tembaga, timbal, seng, dan nikel, harganya tak juga lebih baik. Nikel menjadi kekecualian. Awal pekan ini, harga nikel melonjak.</span><br /><br /><span>Kenaikan ini penyebabnya satu: larangan ekspor mineral mentah oleh pemerintah Indonesia, yang membuat kelangkaan pasokan. Sejak awal tahun ini harga nikel telah naik 13% menjadi US$ 15.820 per ton, membuat nikel sebagai logam dengan harga paling moncer di Bursa Metal London. Tahun lalu, nikel adalah logam yang harganya paling jeblok.</span><br /><br /><span>''Ini semua akibat larangan ekspor mineral mentah di Indonesia,'' kata Andy Shaw, analis di Credit Suisse. Ia mengatakan, harga nikel naik melebihi dugaan banyak orang.</span><br /><br /><span>Ia mengatakan, dirinya pernah meramalkan harga nikel akan menembus US$ 14.000 per ton, pada kuartal pertama dan kedua 2014. Ternyata sekarang malah mendekati US$ 16.000. ''Itu karena kami semula berpikir akan ada pelonggaran ekspor oleh pemerintah Indonesia,'' katanya. ''Sejauh ini pelarangan berjalan dengan konsisten, tidak ada pelonggaran,'' kata Andy Shaw.</span><br /><br /><span>Pelarangan ekspor diyakini menjadi titik balik industri nikel, yang bertahun-tahun tertimpa masalah stok berlimpah dan banyaknya persediaan yang ditimbun industri. Dalam laporan tahunannya, raksasa perusahaan dagang komoditi Glencore Xstrata menyebutkan, pelarangan ekspor oleh Indonesia betul-betul telah mengubah perjalanan nikel. ''Bila pelarangan ini diteruskan setelah pemilihan presiden 2014, akan membuat kelangkaan nikel pada 2015. Mengimbangi neraca perdagangan nikel tahun lalu yang pasokannya melimpah,'' tulis Glencore Xstrata.</span><br /><br /><span>Keputusan Indonesia yang terus melarang ekspor mineral mentah sejak Januari lalu, mengejutkan banyak pihak. Keputusan ini merupakan pelaksanaan Undang-Undang Pertambangan Mineral dan Batu Bara, yang diundangkan pada 2009. Tujuan pelarangan ini adalah untuk meningkatkan nilai tambah terhadap hasil pertambangan mineral.</span><br /><br /><span>Akibat pelarangan ini, dampaknya berganda. Indonesia dikenal sebagai pemasok utama bijih nikel kualitas tinggi. Yang kedua, Cina sangat tergantung pada pasokan bijih nikel mentah dari Indonesia, untuk bisa menghasilkan nickel pig iron. Nickel pig iron merupakan alternatif dari bijih nikel murni, yang biasa dipakai untuk membuat baja tahan karat (stainless steel).</span><br /><br /><span>Untuk mengantisipasi pelarangan itu, Cina mengimpor nikel secara besar-besaran, dari Indonesia dan pemasok lainnya. Diperkirakan Cina memiliki stok hingga 25 juta ton, cukup untuk menjadi bahan baku industri sateinless steel selama enam bulan. ''Tidak mudah untuk mencari pengganti pasokan,'' kata seorang pedagang mineral logam.</span><br /><br /><span>Filipina diharapkan bisa menggantikan peran Indonesia sebagai pemasok nikel. Tetapi negeri itu diperkirakan hanya bisa memasok 500.000 ton sebulan nikel kualitas tinggi yang cocok untuk menghasilkan nickel pig iron.&nbsp;</span><br /><br /><span>Tahun lalu Indonesia memasok 45 juta ton nikel mentah ke Cina. Kini negeri tirai bambu tengah berupaya keras mencari pengganti Indonesia. Sangat tidak mudah mencari pedagang yang mampu memasok dalam jumlah besar seperti Indonesia, dan jaraknya dekat.</span><br /><br /><span>Dampak pelarangan ekspor oleh Indonesia itu sudah dirasakan di Cina. Tsingshan, penghasil terbesar stainless steel dan nickel pig iron mengatakan bahwa harga nikel bergerak tak terkendali, dan cenderung ''menggila''. ''Ada stok nikel di Cina, itu memang benar. Tetapi pemilik barang hanya akan melepasnya sesuai dengan harga yang mereka kehendaki,'' kata salah seorang trader mineral mentah.</span><br /><br /><span>Harga mineral mentah nikel dewasa ini sekitar US$ 78 per ton, naik dari US$50-54, sebelum pelarangan diterapkan. Apakah harga itu akan terus naik, atau akan turun, sangat tergantung pada kebijakan pemerintah Indonesia serta permintaan oleh industri baja di Cina.</span><br /><br /><span>Repotnya lagi, hingga kini belum ada tanda-tanda pemerintah akan melonggarkan ekspor. Andy Shaw, analis dari Credit Suisse tadi mengatakan, sikap pemerintah Indonesia kali ini merupakan kelainan. Biasanya, pemerintah cenderung bersikap keras di awal, tetapi berkompromi di menit-menit akhir.</span></p>', 2, '04/05/2014'),
(80, 86, 2, 'Indominco Dan Bharito Siap Tanda Tangan Renegosiasi PKP2B', '<p>TAMBANG, 20 Maret 2014 | 19.30<br />Indominco Dan Bharito Siap Tanda Tangan Renegosiasi PKP2B&nbsp;<br /><br /><a href="mailto:vichariusdianjiwa@tambang.co.id">vichariusdianjiwa@tambang.co.id</a><br /><br />Jakarta-TAMBANG. Kelompok usaha batu bara asal Thailand, Indo Tambangraya Megah, Tbk mengklaim siap menyesaikan renegosiasi PKP2B dua anak perusahaannya, PT Indominco Mandiri dan PT Bharito Ekatama. Direktur PT Indo Tambangraya Megah (ITM), Leksono Poeranto mengakui saat ini prosesnya sudah hampir 100% dan tinggal menunggu pengesahan saja. Jika benar, penandatangan itu akan menyusul dua anak usaha ITM lainnya, PT Jorong Barutama Greston dan PT Trubaindo Coal Mining.<br /><br />"Dua yang sudah menyusul PT Indominco dan PT Bharito. Dari enam poin sudah selesai semua. Prinsipnya hanya masalah pajak saja," kata Leksono kepada Majalah TAMBANG di Jakarta (20/3).<br /><br />Sebelumnya PT Jorong Barutama Greston dan PT Trubaindo Coal Mining menjadi pionir di grup ITM yang menyelesaikan renegosiasi pada akhir Februari lalu bersama 17 perusahaan pemegang lisensi PKP2B lainnya. Dua perusahaan itu masing-masing kini mengelola luas lahan sekitar 9.556 hektar dan 22.687 hektar.<br /><br />Leksono juga menyanggah bahwa poin luas lahan menjadi keberatan dan lambatnya proses renegosiasi. Bagi PT Indominco dan PT Bharito, seluruh luas lahan yang masuk wilayah kontrak mereka hampir semua terpakai. "Soal luas lahan itu gak ada masalah karena kita sudah pakai semua. Jadi enam poin itu tidak masalah," ungkapnya.<br /><br />Disinggung soal rencana masuknya grup besar mereka, Banpu, ke Indonesia, Leksono bilang hal itu tergantung dari kondisi pertambangan batu bara nasional terutama terkait harga. Kalaupun rencana itu jadi terealisasi, lokasi yang kemungkinan dipilih adalah Kalimantan Timur sebagai wilayah pertambangan yang sudah dikelola oleh grup ITM sebelumnya.<br /><br />"Belum. Nanti kita lihat situasi, apakah menguntungkan atau tidak karena kondisi harga kan juga lagi rendah ya," ujar Leksono.</p>', 0, '04/05/2014'),
(81, 86, 2, 'Implementasi UU Minerba : Indonesia Siap Hadapi Gugatan Jepang', '<p>Implementasi UU Minerba : Indonesia Siap Hadapi Gugatan Jepang&nbsp;<br />March 20, 2014 @ 5:24 am<br /><br />Jakarta, EnergiToday-- Kebijakan penerapan Undang-Undang No.4 Tahun 2009 tentang Pertambangan Mineral dan Batubara (UU Minerba) diantaranya pelarangan ekspor mineral mentah, mengharuskan Indonesia untuk bersiap menghadapi gugatan negara lain.<br /><br />Adalah Jepang yang merupakan konsumen utama bahan mineral tambang Indonesia, diantaranya adalah nikel. Negeri Matahari Terbit ini telah menunjukkan gelagat akan mengajukan keberatan ke World Trade Organization (WTO) terkait kebijakan penerapan UU Minerba.<br /><br />Menteri Perdagangan Muhammad Lutfi mengatakan, meskipun langkah Jepang hingga saat ini belum terlihat, akan tetapi sudah ada tanda-tandanya. Menurutnya, Indonesia mengharapkan hasil yang terbaik, namun jika sampai ke "Dispute Settlement Body" atau bahkan nanti sampai ke Arbitrase, harus siap menghadapinya.<br /><br />Lutfi menjelaskan, saat ini memang masih belum terlihat langkah yang akan diambil Jepang untuk melaporkan Indonesia ke WTO terkait penerapan undang-undang tersebut. Dalam kebijakan itu Indonesia menghentikan ekspor mineral mentah kecuali sudah dilakukan pengolahan di dalam negeri terlebih dahulu.<br /><br />Lutfi mengatakan, Indonesia akan menghormati langkah yang diambil oleh Jepang apabila nantinya diajukan ke WTO, mengingat hal itu masuk dalam peraturan internasional. Sementara Indonesia akan memberikan jawaban yang baik agar pihak yang merasa dirugikan mengerti atas keputusan larangan ekspor mineral mentah itu.<br /><br />"Ini bukan sesuatu yang jelek, ini adalah bagian dari hukum internasional yang harus ditaati baik itu oleh Indonesia maupun Jepang," ujar Lutfi seusai menghadiri Sosialisasi Permendag 70 tahun 2013, di Jakarta, Rabu (19/3).<br /><br />Lutfi menambahkan, pihaknya sudah melakukan langkah koordinasi dengan berbagai pihak terkait untuk menyiapkan hal-hal yang diperlukan apabila nantinya jepang membawa permasalahan ini ke WTO. (hs)</p>', 0, '04/05/2014'),
(82, 86, 2, 'Punya Banyak Batubara, Indonesia Enggan Kembangkan Nuklir', '<p><span>Punya Banyak Batubara, Indonesia Enggan Kembangkan Nuklir&nbsp;</span><br /><span>March 21, 2014 @ 3:37 pm</span><br /><br /><span>Jakarta, EnergiToday--Meski sejumlah negara ASEAN tengah sibuk mengembangkan nuklir, Indonesia memastikan belum membutuhkan nuklir untuk memenuhi kebutuhan energi di Tanah Air. Anggota Dewan Energi Nasional (DEN) Tumiran mengatakan, Indonesia masih memiliki sumber energi batu bara untuk memenuhi kebutuhan listrik. Diperkirakan cadangan batu bara Indonesia masih cukup hingga 2050.</span><br /><br /><span>"Sekarang kita kejar Pembangkit Listrik Tenaga Uap ( PLTU), karena lebih murah kalau batu bara. Tidak ada kita kejar nuklir. Kita cukup sampai 2050," kata Tumiran dalam acara Coffe Morning di Kantor Direktorat Jenderal Ketenagalistrikan Jakarta, Jumat (21/3). Menurut dia, cadangan batu bara tersebut saat ini sudah cukup untuk memenuhi kebutuhan domestik, namun syaratnya adalah tidak diekspor.</span><br /><span>Indonesia, lanjut Tumiran, seharusnya mencontoh negara produsen batu bara lain yang sudah melakukan pelarangan ekspor dan memanfaatkan Tumiran mengungkapkan, negara lain yang menjadi produsen batubara juga sudah melakukan pelarangan ekspor dan memanfaatkannya untukmemenuhi kebutuhan enegi dalam negeri. "Negara lain tidak ekspor batu bara, China tidak ekspor," ungkap Tumiran.</span><br /><br /><span>Ia menambahkan, saat ini energi nuklir sedang tumbuh di Asia Tenggara. Meski beberapa tahun lalu mengalami perlambatan karena kebocoran rekator nuklir Fukushima Jepang. (ns/l6)</span><br /><br /><span>"Nuklir negara Asean ini tumbuh. Setelah terbatasnya fosil, ini kelihatan growth-nya nambah, Arab Saudi, Turki, Vietnam, Malaysia, katanya ground breaking-nya 2030," pungkasnya.</span></p>', 0, '04/05/2014'),
(83, 86, 2, 'KESDM Minta Pengusaha Tambang Wajib Mengolah Batu Bara', '<p>KESDM Minta Pengusaha Tambang Wajib Mengolah Batu Bara&nbsp;<br />March 25, 2014 @ 6:27 am<br /><br />Jakarta, EnergiToday -- Sepertinya penurunan harga dan rencana kenaikan royalti batu bara bukanlah akhir dari tekanan terhadap pebisnis batu bara. Mulai April 2014, produsen batu bara dipaksa untuk mengolah produknya lebih spesifik lagi.<br /><br />Seperti yang diberitakan harian Kontan, Jakarta, Selasa (25/3), Direktur Pembinaan dan Pengusahaan Batu Bara Kementerian ESDM, Edi Prasodjo mengatakan, selama ini mayoritas penambang batu bara hanya melakukan dua proses, yakni penggerusan dan pencucian batu bara untuk memenuhi syarat pengolahan itu.<br /><br />Enam kegiatan lain tidak berkembang. "Kami akan menekan pengusaha mengolah jenis yang lain. Kami kehilangan penggerusan dan pencucian batu bara sebagai bagian dari proses pengolahan batu bara," katanya<br /><br />Edi menegaskan, Kementerian ESDM telah menuntaskan pembahasan revisi PP No.23 Tahun 2010 tentang Pelaksanaan kegiatan Usaha Pertambangan Mineral dan Batubara, terutama tentang spesifikasi pengolahan batu bara. Targetnya, aturan ini mulai berlaku April 2014. [us/kt]</p>', 0, '04/05/2014'),
(84, 86, 2, 'KESDM akan Tindak Tegas 1.696 IUP Belum Bayar Royalty', '<p>KESDM akan Tindak Tegas 1.696 IUP Belum Bayar Royalty&nbsp;<br />March 25, 2014 @ 5:30 am<br />Jakarta, EnergiToday -- Kementerian Energi dan Sumber Daya Mineral (ESDM) menyatakan akan menindak tegas 1.696 perusahan tambang pemegang konsesi izin usaha pertambangan (IUP) yang belum memenuhi kewajiban berupa pembayaran royalti. Pemerintah memberi jangka waktu selama enam bulan ke depan kepada masing-masing perusahaan untuk melunasi kewajibannya tersebut.<br /><br />Seperti yang diberitakan Kontan, Jakarta, Senin malam (24/3), Direktur Pembinaan Program Mineral dan Batubara Kementerian ESDM, Paul Lubis mengatakan, jumlah tunggakan royalti IUP sepanjang 2006 hingga 2013 mencapai sekitar US$ 95 juta atau setara Rp 1,1 triliun.<br /><br />"Perusahaan yang belum membayar royalti tersebut tersebar di 12 provinsi, mulai Maret ini kami akan mengunjungi lokasi mereka untuk memberikan peringatan," katanya.<br /><br />Paul menjelaskan, sejumlah daerah yang di maksud yaitu, Kalimantan Timur, Kalimantan Tengah, Kalimantan Selatan, Sulawesi Tenggara, Sulawesi Tengah, Kalimantan Barat, Maluku Utara, Jambi, Kepulauan Riau, Bangka Belitung, Sumatera Selatan, dan Sulawesi Selatan.<br /><br />Menurut Paul, IUP yang menunggak royalti tersebut umumnya merupakan perusahaan komoditas batubara dan belum berstatus clean and clear (CnC). "Dari 1.696 perusahaan, paling banyak berada di Kalimantan Selatan sejumlah 694 perusahaan, dan Kalimantan Timur 360 perusahaan," ujarnya.<br /><br />Untuk itu, tambahnya, pihaknya akan memberikan waktu selama enam bulan bagi perusahaan untuk melunasi kekurangan pembayaran penerimaan negara tersebut. Paul bilang, pemerintah pusat akan melakukan koordinasi dengan 12 pemerintah provinsi serta pemerintah kabupaten setempat untuk melakukan pengawasan kepada perusahaan tambang. [us/kt]</p>', 0, '04/05/2014'),
(85, 86, 2, 'Dana Jaminan Smelter Tidak Masuk Revisi Permen ESDM', '<p>TAMBANG, 26 Maret 2014 | 13.23<br />Dana Jaminan Smelter Tidak Masuk Revisi Permen ESDM&nbsp;<br /><br /><a href="mailto:esti.widyasari@tambang.co.id">esti.widyasari@tambang.co.id</a><br /><br />Jakarta &ndash; TAMBANG. Sebagai salah satu cara untuk memastikan komitmen perusahaan membangun smelter, pemerintah akan mewajibkan penyetoran jaminan sebesar 5% dari nilai investasi. Namun klausul tersebut agaknya tak jadi dimasukkan dalam revisi Peraturan Menteri ESDM No. 1/2014 tentang Peningkatan Nilai Tambah Mineral melalui Kegiatan Pengolahan dan Pemurnian di dalam Negeri.&nbsp;<br /><br />&ldquo;Sebenarnya tidak melalui revisi Permen juga tidak apa-apa. Lewat saya saja sudah cukup itu,&rdquo; tegas R. Sukhyar, Direktur Jenderal Mineral dan Batu Bara Kementerian ESDM, kemarin (25/3).<br /><br />Ia menjelaskan bahwa kewajiban penyetoran dana jaminan tersebut hanya akan diatur lewat Surat Edaran Dirjen Minerba. Terkait besarannya pun tidak rata 5%, tapi akan disesuaikan dengan hasil laporan perkembangan proyek pembangunan masing-masing smelter.&nbsp;<br /><br />Sementara itu, Direktur Pembinaan dan Pengusahaan Mineral Dede Ida Suhendra menambahkan bahwa jaminan kesungguhan tersebut terkait pula dengan besaran tarif pungutan bea keluar yang ditetapkan Kementerian Keuangan. Menurutnya, Kementerian ESDM berharap setoran jaminan kesungguhan itu bisa menjadi bahan pertimbangan untuk memberikan dispensasi penurunan tarif bea keluar ekspor mineral.&nbsp;<br /><br />&ldquo;Sebab bea keluar sudah tinggi, tapi kami kan tak bisa intervensi Kementerian Keuangan untuk menurunkan bea keluar. Kami hanya memberikan beberapa alasan kesiapan pengusaha,&rdquo; Dede beralasan.[]</p>', 0, '04/05/2014'),
(86, 86, 2, 'Industri Baja Alami Tekanan Besar', '<p>Industri Baja Alami Tekanan Besar&nbsp;<br />March 27, 2014 @ 12:55 pm<br />Jakarta, EnergiToday -- Para pebisnis industri besi dan baja di Indonesia khawatir kinerja produksi pada tahun ini secara akumulatif bisa terpangkas hingga 60% akibat imbas dari krisis industri baja dunia yang memangkas pendapatan dan permintaan global.<br />Chairman Indonesia Iron and Steel Industry Association (IISIA), Irvan K. Hakim mengatakan kondisi industri besi dan baja global sejak tahun lalu mengalami tekanan yang sangat besar. "Harga jatuh karena over suplai, khususnya di China. Selain itu, karena pertumbuhan ekonomis di Eropa, China, dan Amerika Utara memang lemah," ujar Irvan seperti dilaporkan Harian Bisnis Indonesia, Rabu (26/03).<br />Meningkat<br />Sementara itu, Direktur Eksekutif Asosiasi Industri Besi dan Baja Indonesia, Hidayat Triseputro mengatakan dampak dari lesunya industri besi dan baja tingkat global menyebabkan utilisasi kapasitas produksi turun 60%.<br />Hidayat mengatakan industri besi dan baja nasional saat ini menghadapi perdangan tidak adil dengan masuknya barang-barang impor asal China dengan harga jauh lebih murah karena mendapat subsidi dari negaranya (dumping). (id/bi)</p>', 0, '04/05/2014'),
(87, 86, 2, 'Inalum Tak Boleh Bangun Smelter di Hilir', '<div class="content">Inalum Tak Boleh Bangun Smelter di Hilir&nbsp;<br />March 27, 2014 @ 12:47 pm<br /><br />Jakarta, EnergiToday -- Menteri Badan Usaha Milik Negara (BUMN), Dahlan Iskan mengimbau agar PT Indonesia Asahan Aluminium (Inalum) tidak membangun pabrik pengolahan mineral di sektor hilir.<br /><br />"Jangan sampai Inalum bangun pabrik di hilir, karena akan menyebabkan pihak swasta mengimpor bahan baku mineral," ujar Dahlan, di Graha Mandiri, Kamis (27/03).<br /><br />Seperti dilaporkan Tribunnews.com, Inalum akan ikut investasi di bisnis smelter dalam negeri. Namun Inalum harus membatasi bisnis smelter di sisi hilir dalam negeri. Karena industri dalam negeri di hilirnya sudah banyak.<br /><br />Dahlan menyerahkan bisnis Inalum kepada Direktur Utama Inalum, Winardi yang baru akan diangkat lusa depan. Untuk rencana jangka pendek, Inalum akan memulai bangun pembangkit listrik untuk produksi. (nn).</div>\r\n<div class="back2top">&nbsp;</div>', 0, '04/05/2014'),
(88, 86, 2, 'Harga Spot Bijih Besi di Kisaran US$ 110/Ton', '<p>Jakarta, EnergiToday -- Eksportir bijih besi terbesar di dunia, memangkas estimasi harga tahun ini serta memperkirakan penurunan berlanjut hingga 2015, karena perusahaan pertambangan seperti Rio Tinto Group dan BHP Billiton Ltd. meningkatkan produksi yang membuat persediaan berlimpah.<br />Menurut Biro Sumber Daya dan Ekonomi Energi yang berbasis di Canberra pada Rabu (26/03), rata-rata harga spot tahun ini akan berada di kisaran US$ 110 per ton dari US$ 119 perkiraan pada Desember dan US$ 126 harga pada 2013.<br />"Harga diperkirakan tidak kembali pulih ke tingkat tertinggi pada 2013 karena meningkatnya ketersediaan pasokan dari pertambangan yang baru dimulai di Australia pada 2014," ujar Biro seperti dilaporkan Harian Bisnis Indonesia, Rabu (26/03).<br />Bulan ini harga bijih besi di pasar jatuh akibat spekulasi perlambatan ekonomi dan kekhawatiran kredit di China, yang merupakan pembeli terbesar di dunia, dapat mengekang ketika pasokan global sedang meningkat. (id/bi)</p>', 0, '04/05/2014'),
(89, 86, 2, 'Batubara Harus Diolah, Tak Cukup Hanya Dicuci dan Digerus', '<p>Batubara Harus Diolah, Tak Cukup Hanya Dicuci dan Digerus&nbsp;<br />March 27, 2014 @ 12:42 pm<br /><br />Jakarta, EnergiToday -- Rencana pemerintah untuk meningkatkan nilai tambah batubara lewat proses pengolahan di dalam negeri sudah selesai dibahas. Aturan itu akan tertuang dalam revisi PP Nomor 23/2010 soal Pengolahan Batubara. Saat ini, aturan tersebut tinggal menunggu pengesahan Kementerian Hukum dan HAM, seperti dilaporkan Harian Kontan, Kamis (27/03).<br />Berikut ini Dua Peraturan terkait Kewajiban Meningkatkan Nilai Tambah Batubara&nbsp;<br />1. UU Nomor 4 Tahun 2009 tentang Mineral dan Batubara<br />Pasal 102<br />Pemegang IUP dan IUPK wajib meningkatkan nilai tambah sumber daya mineral dan/atau batubara dalam pelaksanaan penambangan, pengolahan dan pemurnian, serta pemanfaatan mineral dan batubara.<br />2. Peraturan Pemerintah Nomor 23 Tahun 2010 tentang Pelaksanaan Kegiatan Usaha Pertambangan Mineral dan Batubara (Sedang Direvisi dan segera terbit)<br />Pasal 94 Ayat 1<br />Pemegang IUP Operasi Produksi dan IUPK Operasi Produksi batubara wajib melakukan pengolahan untuk meningkatkan nilai tambah batubara yang diproduksi baik secara langsung maupun melalui kerjasama dengan perusahaan, pemegang IUP dan IUPK lainnya.<br />Pasal 110<br />Ayat 1, Pemegang IUP dan IUPK yang melakukan pelanggaran terhadap ketentuan sebagaimana dimaksud dalam Pasal 94 Ayat 1 dikenai sanksi administratif.<br /><br />Ayat 2, Sanksi administratif berupa :<br /><br />a. Peringatan tertulis;<br /><br />b. Penghentian sementara IUP Operasi Produksi atau IUPK Operasi Produksi mineral atau batubara;<br />c. Pencabutan IUP atau IUPK (rr/ktn)</p>', 0, '04/05/2014'),
(90, 86, 2, 'Pasokan Nikel di LME 283.632 ton', '<p>Pasokan Nikel di LME 283.632 ton&nbsp;<br />March 27, 2014 @ 11:40 am<br /><br />Jakarta, EnergiToday -- Harga nikel di London Metal Exchange (LME) tercatat turun untuk pertama kalinya dalam 4 hari terakhir.<br />Adapun pasokan nikel di LME tercatat naik menjadi 283.632 ton per 25 Maret. General Manager Riset Nihon Unicom Inc., Hiroyuki Kikukawa mengatakan harga nikel melambung terlalu cepat pekan ini. "Nikel masih overbought," ucap Hiroyuki seperti dilaporkan Harian Bisnis Indonesia, Rabu (26/03) kemarin.<br />Sementara itu LMEX Index yang mengukur harga enam logam industri tercatat naik 1,7% pada Selasa. (id/bi)</p>', 0, '04/05/2014'),
(91, 86, 2, 'Bangun Smelter Alumina, Inalum-Antam Investasi Rp 20 Triliun', '<p>Bangun Smelter Alumina, Inalum-Antam Investasi Rp 20 Triliun&nbsp;<br />March 28, 2014 @ 6:30 am<br /><br />Jakarta, EnergiToday -- PT Indonesia Asahan Aluminium (Persero) segera menjadi mitra PT Aneka Tambang (Persero) Tbk untuk membangun pabrik smelter grade alumina di Mempawah, Kalimantan Selatan, dengan nilai investasi US$ 1,7 miliar atau sekitar Rp 20 triliun.<br /><br />"Saat ini proses negosiasi Inalum menjadi mitra Antam sedang berlangsung, tinggal menunggu kesepakatan final pada 22 April 2014," kata Menteri BUMN Dahlan Iskan seperti yang diberitakan beritas satu, Jakarta, Jumat (28/3).<br /><br />Dahlan menegaskan, keharusan Inalum memiliki SGA untuk menjamin pasokan bahan baku alumina untuk memproduksi aluminium ingot (batangan) perusahaan yang selama ini masih impor dari Australia.<br /><br />Saat ini, tambahnya, kapasitas produksi SGA Mempawah ditargetkan mencapai sebesar 1,6 juta metrik ton per tahun. Kebutuhan alumina dalam negeri berkisar 500.000-600.000 ton per tahun, adapun total produksi ingot Inalum mencapai 225.000 ton tersebut di mana sebanyak 58,8 persen kontrak ekspor ke Jepang. "Produksi alumina Antam 1,6 juta ton, sebesar sepertiga untuk dalam negeri, selebihnya bisa diekspor ke Timur Tengah," pungkasnya. [us/bs]</p>', 0, '04/05/2014'),
(92, 86, 2, 'Bupati Kutai Timur Minta Pemerintahan Baru harus Berani Reformasi Kontrak Pertambangan', '<p><span>Bupati Kutai Timur Minta Pemerintahan Baru harus Berani Reformasi Kontrak Pertambangan&nbsp;</span><br /><span>March 28, 2014 @ 6:20 am</span><br /><br /><span>Jakarta, EnergiToday -- Bupati Kutai Timur, Isran Noor mengatakan, Pemerintahan mendatang harus berani melakukan reformasi dan renegosiasi terhadap berbagai kontrak kerja sama bisnis baik di sektor minyak dan gas bumi (migas) maupun pertambangan yang dinilai telah merugikan kepentingan bangsa.</span><br /><br /><span>"Kontrak bisnis yang ada sekarang banyak yang merugikan kepentingan bangsa. Presiden baru harus yang memiliki keberanian dan keberpihakan kepada kepentingan nasional," katanya seperti yang diberitakan harian Investor Daily, Jakarta, Jumat (28/3).</span><br /><br /><span>Isran mencontohkan, kontrak penjualan LNG Tangguh ke luar negeri yang hanya berkisar US$ 3 per mmbtu, padahal di dalam negeri industri harus membeli gas di atas harga US$ 10 per mmbtu.</span><br /><br /><span>Selain itu, tambahnya, berbagai kontrak di bidang pertambangan umum juga dinilai telah merugikan negara. Pasalnya, yang terjadi adalah eksploitasi sumber daya alam secara besar-besaran. "Saya bukan anti asing dan tidak menyarankan nasionalisasi. Saya hanya mengusulkan agar kontrak direnegosiasi dan direformasi. Kalaupun mereka hengkang, biar saja. Sumber daya ini kan milik kita, jadi kita kelola sendiri saja untuk kesejahteraan rakyat," pungkasnya. [us/id]</span></p>', 0, '04/05/2014'),
(93, 86, 2, '25 Maret 2014 Penetapan HPE Produk Tambang', '<p>25 Maret 2014 Penetapan HPE Produk Tambang&nbsp;<br />March 28, 2014 @ 5:31 am<br /><br />Jakarta, EnergiToday -- Pada tanggal 25 Maret 2014, Kementerian Perdagangan (Kemendag) RI telah menerbitkan Peraturan Menteri Perdagangan Nomor 15/M-DAG/PER/3/2013 tentang Penetapan Harga Patokan Ekspor (HPE) atas Produk Pertambangan Hasil Pengolahan yang Dikenakan Bea Keluar.<br /><br />"Penetapan HPE periode April 2013 tersebut dilakukan setelah memperhatikan usulan tertulis dan hasil rapat koordinasi dengan instansi-instansi teknis terkait. Khususnya dalam menyikapi perkembangan harga komoditi, baik nasional maupun internasional," kata Direktur Jenderal Perdagangan Luar Negeri, Bachrul Chairi di Jakarta, seperti diberitakan SindoNews Kamis (27/03).<br /><br />Produk pertambangan hasil pengolahan yang dikenakan bea keluar periode April 2014 adalah konsentrat tembaga, seng, timbal, besi, mangan, ilmenite, serta konsentrat titanium lainnya. Harga dasar perhitungan HPE bersumber dari Asian Metal untuk konsentrat besi dan konsentrat mangan.<br /><br />Sementara, konsentrat tembaga, konsentrat timbal, dan konsentrat seng berdasarkan London Metal Exchange (LME). Dibandingkan dengan penetapan HPE periode Maret 2014, sebagian besar mengalami penurunan.<br /><br />Bachrul mengatakan, peningkatan dan penurunan HPE produk pertambangan hasil pengolahan disebabkan adanya fluktuasi harga internasional pada komoditas pertambangan tersebut. Sedangkan konsentrat ilminate dan konsentrat titanium lainnya tidak mengalami perubahan dibandingkan HPE periode sebelumnya. (as/sn)</p>', 0, '04/05/2014');
INSERT INTO `post` (`id`, `id_kategori`, `idu`, `judul`, `posting`, `lihat2`, `date`) VALUES
(94, 86, 2, 'Neraca Perdagangan Januari 2014 Mengkerut', '<p>Neraca Perdagangan Januari 2014 Mengkerut&nbsp;<br />March 3, 2014 @ 12:19 pm<br />Jakarta, EnergiToday -- Neraca perdangan Januari 2014 diperkirakan tetap surplus, tetapi menciut dibandingkan dengan bulan sebelumnya US$ 1,52 miliar, terutama akibat tekanan pada ekspor komoditas.<br />Deputi Gubernur Bank Indonesia, Perry Warjiyo mengatakan penyusunan kembali kontrak pengapalan komoditas, sepeti produk sawit dan batubara, pada awal tahun membuat kegiatan ekspor tak sepesat bulan-bulan sebelumnya. "Jangan kaget kalau Senin (3/3) nanti ada rilis dari neraca dagang yang memang tidak sebaik Desember kemarin. Angkanya berapa, kita tunggu Senin," kata Perry seperti dilansir Harian Bisnis Indonesia, belum lama ini.<br />Transaksi Berjalan<br />Meskipun demikian, Perry optimistis surplus neraca perdagangan Februari-Maret, khususnya pada nonmigas, akan lebih baik. Dengan demikian, kinerja transaksi berjalan kuartal I 2014 akan sedikit lebih baik dibandingkan dengan performa kuartal sebelumnya yang defisit 1,98% terhadap produk domestik bruto.<br />Gabungan Pengusaha Kelapa Sawit Indonesia, (Gapki) sebelumnya melaporkan ekspor CPO dan turunannya hanya 1,57 juta ton pada bulan pertama tahun ini atau turun 22,5% dari posisi Desember 2013 yang mencapai 2,02 juta ton. Sementara itu, pelemahan ekonomi di China memicu kekhawatiran akan permintaan sehingga harga komoditas tercatat menurun sepanjang Januari. (id/bi)</p>', 0, '04/05/2014'),
(95, 86, 2, 'Harga Nikel Melonjak Ikuti Permintaan', '<p>Harga Nikel Melonjak Ikuti Permintaan&nbsp;<br />March 3, 2014 @ 11:31 am<br />Jakarta, EnergiToday -- Sepanjang Februari nikel mencetak kenaikan harga bulanan terbesar sejak lebih dari setahun terakhir.<br />Permintaan nikel mentah dari China Utara meningkat di tengah larangan ekspor mineral mentah dari Indonesia.<br />Direktur Senior Newedge Group SA, Michael Turek menilai pasokan tampaknya akan terus menipis. "Nikel di dorong ke atas oleh kombinasi keadaan fundamental pasar dan pergerakan teknikal," papar Michael seperti dilansir Harian Bisnis Indonesia, Senin (3/3).<br />Pada penutupan pasar pekan lalu kontrak nikel untuk pengiriman dalam 3 bulan melonjak 1,9% dan ditutup di level US$ 14.720 per ton. (id/bi)</p>', 0, '04/05/2014'),
(96, 86, 2, 'KPK warning ESDM terkait renegosiasi kontrak karya', '<p>KPK warning ESDM terkait renegosiasi kontrak karya<br />Oleh Noverius Laoli - Senin, 03 Maret 2014 | 08:17 WIB&nbsp;<br />Kontan.co.id<br />JAKARTA. Komisi Pemberantasan Korupsi (KPK) telah melayangkan surat peringatan kepada Kementerian Energi dan Sumber Daya Mineral (ESDM) untuk segera menindaklanjuti renegosiasi kontrak tarif royalti untuk semua kontrak karya (KK) dan perjanjian pengusahaan pertambangan batubara (PKP2B).<br />Permintaan itu disampaikan oleh Juru Bicara KPK Johan Budi SP dalam rilis yang diterima KONTAN, Senin (3/3). Menurut Johan, permintaan dari KPK itu cukup beralasan, sebab KPK sudah melakukan kajian soal Sistem Pengelolaan Penerimaan Negara Bukan Pajak (PNBP) di sektor mineral dan batubara (minerba).<br />Bahkan, hasil kajian dari KPK tersebut sudah dipaparkan kepada Kementerian ESDM dan pihak terkait pada Agustus 2013. "Salah satu temuan, adanya celah terjadinya kerugian negara disebabkan tidak terpungutnya dengan optimal royalti 37 KK dan 74 PKP2B," terangnya.<br />Ia bilang, salah satu temuannya tentang jenis tarif PNBP yang berlaku terhadap mineral dan batubara yang berlaku pada KK lebih rendah dibandingkan tarif yang berlaku pada IUP mineral. Dari temuan ini, Kementerian ESDM menyepakati akan melakukan renegosiasi tentang tarif royalti pada semua KK dan PKP2B disesuaikan dengan PP Tarif dan jenis tarif PNBP yang berlaku, serta menetapkan sanksi bagi KK dan PKP2B yang tidak kooperatif dalam proses renegosiasi.<br />Terkait hal ini, KPK telah mengirimkan surat bernomor B-402/01-15/02/2014 yang ditujukan kepada Menteri ESDM. Surat tersebut ditembuskan kepada presiden, dikirim pada 21 Februari 2014, agar pihak terkait segera menindaklanjuti.<br />Proses renegosasi mencakup aspek luas wilayah pertambangan, penggunaan tenaga kerja dalam negeri, divestasi serta kewajiban pengolahan dan pemurnian hasil tambang dalam negeri. "KPK melihat proses renegosiasi kontrak ini berlarut-larut," tambahnya.<br />Padahal, dalam pasal 169 UU No. 4 Tahun 2009 tentang Pertambangan Mineral dan Batubara telah dinyatakan dengan tegas bahwa ketentuan yang tercantum dalam pasal KK dan PKP2B disesuaikan selambat-lambatnya 1 tahun sejak UU No. 4 Tahun 2009 diundangkan. Artinya, renegosiasi kontrak semestinya sudah selesai tanggal 12 Januari 2010.<br />Dengan berlarut-larutnya proses renegosiasi, berdampak tidak terpungutnya penerimaan negara, dan ini tentu saja merugikan keuangan negara. KPK memperkirakan, selisih penerimaan negara dari satu perusahaan besar (KK) saja sebesar US$ 169,06 juta per tahun.<br />Misalnya, PT. FI sejak tahun 1967 sampai dengan sekarang menikmati tarif royalti emas sebesar 1% dari harga jual per kg. Padahal, di dalam peraturan pemerintah yang berlaku, tarif royalti emas sudah meningkat menjadi 3,75% dari harga jual emas per kg.<br />Dengan berlarut-larutnya penyesuaian kontrak oleh PT FI, terjadi kerugian keuangan negara sebesar 169 juta dolar AS setiap tahun dari yang semestinya menerima 330 juta dolar AS. Kenyataannya, negara hanya menerima US$ 161 juta.<br />Hal serupa juga terjadi pada PT VI yang tidak menyesuaikan tarif royaltinya. Akibatnya, negara mengalami kerugian pendapatan royalti sebesar US% 65,838 juta per tahunnya. Pemerintah yang semestinya menerima US$ 72 juta dari royalti setiap tahun, hanya menerima 1/12 dari yang seharusnya sebesar US$ 6,162 juta.<br />Lebih jauh lagi, hasil kajian KPK juga menemukan adanya kerugian keuangan negara dari hasil audit tim Optimalisasi Penerimaan Negara (OPN), yaitu sebesar Rp 6,7 triliun (2003-2011) akibat kurang bayar royalti, dan potensi kerugian keuangan negara dari 198 perusahaan pertambangan batubara sebesar US$ 1,224 miliar (2010-2012) dan dari 180 perusahaan pertambangan mineral sebesar US$ 24,661 juta (2011).<br />KPK menyayangkan, tidak ada sanksi yang tegas bagi pemegang kontrak yang enggan melakukan renegosiasi dan penyesuaian tarif royalti. Sebagai upaya di bidang pencegahan, KPK mengingatkan pemerintah agar mengambil langkah tegas termasuk pemberian sanksi. Karena pembiaran proses renegosiasi kontrak ini, berujung pada kerugian keuangan negara.<br />Sampai berita ini diturunkan, KONTAN belum mendapatkan konfirmasi dari pihak ESDM.</p>', 1, '04/05/2014'),
(98, 86, 2, 'Freeport dan Newmont akan Segera Serahkan RKAB ke ESDM', '<p><span>Freeport dan Newmont akan Segera Serahkan RKAB ke ESDM&nbsp;</span><br /><span>February 25, 2014 @ 5:58 am</span><br /><br /><span>Jakarta, EnergiToday -- Rencananya pada pekan ini PT Freeport Indonesia dan PT Newmont Nusa Tenggara akan menyerahkan proposal rencana kerja dan anggaran belanja (RKAB) 2014 ke Kementerian ESDM. Jika RKAB disetujui maka kedua perusahaan tambang tersebut dapat segera menggelar kegiatan ekspor mineral olahan tanpa pemurnian atau konsentrat.</span><br /><br /><span>Menurut Direktur Pembinaan dan Pengusahaan Mineral Kementerian ESDM, Dede Suhendra, kedua perusahaan ini telah menginformasikan akan menyerahkan proposal RKAB pada minggu ini.</span><br /><br /><span>"Katanya minggu ini, kalau mereka cepat menyerahkannya dan telah mendapat persetujuan, tentu kegiatan produksi di 2014 bisa cepat berjalan normal," ujarnya seperti yang dilansir harian Kontan, Jakarta, Selasa (25/2).</span><br /><br /><span>Selain itu, Dede menegaskan, kedua perusahaan tambang besar tersebut juga harus melengkapi syarat administrasi sebelum menggelar kegiatan ekspor. Yakni, mendapatkan rekomendasi ekspor dari Kementerian ESDM serta memegang sertifikat eksportir terdaftar (ET) dari Kementerian Perdagangan (Kemdag). (us/ktn)</span></p>', 0, '04/05/2014'),
(100, 86, 2, 'Pengamat: Kebijakan Hilirisasi Minerba Lebih Bermanfaat', '<p><span>Pengamat: Kebijakan Hilirisasi Minerba Lebih Bermanfaat</span><br /><span>Jakarta - Hilirisasi mineral adalah kebijakan mulia pemerintah yang harus didukung semua pihak. Pasalnya, dengan hilirisasi mineral akan membawa keuntungan yang besar bagi rakyat dan negara.</span><br /><span>Demikian Pengamat dan Pakar Hukum Pertambangan, Abrar Saleng, dalam seminar dengan tema,"Apa Kabar Minerba 2014" di Jakarta, Selasa (25/2). "Adanya kebijakan mewajibkan hilirisasi barang tambang merupakan adanya revolusi pertambangan di Indonesia," kata Abrar.</span><br /><span>Menurut Abrar, energi merupakan kekuatan utama pendukung hilirisasi meneral melalui pengolahan dan pemurnian. Peningkatan nilai tambah mineral, kata dia, adalah suatu keniscayaan, dengan melalui sentuhan teknologi pengolahan dan pemurnian.</span><br /><span>Abrar mengatakan, kebijakan pemerintah untuk konsisten dengan regulasi, membangkitkan revolusi baru dalam industri pertambangan.</span><br /><span>Menurut Abrar, menolak hilirisasi, berarti menyetujui pemborosan sumberdaya alam pertambangan, pembiaran penurunan pendapatan negara, melanggar kepentingan antargenerasi. Selain itu, kalau tidak dilakukan hilirisasi maka keuntungannya hanya sesaat dan merusak lingkungan karena biaya pemulihan lingkungan tidak seimbang dengan harga bijih yang diperoleh. Selain itu, kata dia, Indonesia tidak akan pernah menjadi negara industri pertambangan.</span><br /><span>"Padahal impian kita, paling tidak seperti India kalau tidak bisa seperti China," kata dia.</span><br /><span>Menurut Abrar, hilirisasi ekuivalen dengan smelter atau pemurnian, namun sampai saat ini infrastrukturnya belum siap dan power plant listrik belum mendukung.</span><br /><span>Dengan diwajibkannya pembangunan hilirisasi sejak awal tahun 2014 maka produksi harus berhenti sejenak terutama yang memegang izin usaha pertambangan. Dampaknya adalah potensi akan terjadi pemutusan hubungan kerja, menimbulkan kepastian sekitar 2 - 3 tahun ke depan, akan terjadi kerusuhan sosial di lokasi pertambangan serta terjadi penurunan APBD daerah penghasil.</span><br /><span>Abrar menegaskan, jalan tengah yang harus diambil pemerintah adalah pemerintah harus menjadi fasilitator, menciptakan kemudahan untuk mendorong ke hilirisasi. Pemerintah harus mempermudah perizinan, pembebasan lahan, pembangunan kapasitas listrik. [E-8]</span></p>', 0, '04/05/2014');

-- --------------------------------------------------------

--
-- Struktur dari tabel `users`
--

CREATE TABLE IF NOT EXISTS `users` (
  `idu` int(11) NOT NULL AUTO_INCREMENT,
  `nama` varchar(20) NOT NULL,
  `email` varchar(30) NOT NULL,
  `password` varchar(300) NOT NULL,
  `nope` varchar(20) NOT NULL,
  `tanggal` text NOT NULL,
  `web` varchar(100) NOT NULL,
  `avatar` varchar(100) CHARACTER SET latin1 COLLATE latin1_general_ci NOT NULL,
  `jml_posting` int(6) NOT NULL,
  `jabat` varchar(50) NOT NULL,
  PRIMARY KEY (`idu`)
) ENGINE=MyISAM  DEFAULT CHARSET=latin1 AUTO_INCREMENT=12 ;

--
-- Dumping data untuk tabel `users`
--

INSERT INTO `users` (`idu`, `nama`, `email`, `password`, `nope`, `tanggal`, `web`, `avatar`, `jml_posting`, `jabat`) VALUES
(1, 'ANONY', 'venomousmedussa@yahoo.com', '21232f297a57a5a743894a0e4a801fc3', 'IF-C', '17/03/2012', 'http://w174rd.tk', 'css/images/avatar/wizard-small new.jpg', 13, 'admin'),
(2, 'Gani Yudistira', 'admin@gmail.com', '21232f297a57a5a743894a0e4a801fc3', '085722641969', '20/08/2012', 'http://admin.com', 'css/images/avatar/giphy.gif', 37, 'admin'),
(4, 'Gany Yud', 'gani_yudis@yahoo.co.id', '88a7dad6b011c9109bfa3891d8656474', 'XRPLA', '07/04/2014', 'www.gemscool.com', 'css/images/avatar/cglt.jpg', 10, 'user'),
(11, 'Nurdin Ajjah', 'nnurdin39@yahoo.com', '7ddbde64a6c6ccadbc53b576fde9e54e', '085722641969', '30/04/2014', 'http://www.simkep.com/', 'css/images/avatar/2014-03-24 16.12.33.jpg', 0, 'user');

/*!40101 SET CHARACTER_SET_CLIENT=@OLD_CHARACTER_SET_CLIENT */;
/*!40101 SET CHARACTER_SET_RESULTS=@OLD_CHARACTER_SET_RESULTS */;
/*!40101 SET COLLATION_CONNECTION=@OLD_COLLATION_CONNECTION */;
